"","date","name","code","Daily new hospital admissions","Daily people in MV beds","Daily people in hospital with coronavirus","Seven-day average hospital admissions","Seven-day average MV beds","Seven-day average hospital cases"
"1","2022-01-18","England","E92000001",NA,614,16218,NA,634.142857142857,16518
"2","2022-01-17","England","E92000001",NA,623,16621,NA,644.428571428571,16621
"3","2022-01-16","England","E92000001",1768,619,16372,1891.71428571429,656.428571428571,16692.2857142857
"4","2022-01-15","England","E92000001",1604,608,16281,1921.28571428571,668.571428571429,16696.1428571429
"5","2022-01-14","England","E92000001",1692,637,16537,1958.14285714286,682.857142857143,16660.8571428571
"6","2022-01-13","England","E92000001",1916,666,16716,1969.57142857143,695.857142857143,16607.4285714286
"7","2022-01-12","England","E92000001",1955,672,16881,1987.71428571429,709.571428571429,16513.4285714286
"8","2022-01-11","England","E92000001",2127,686,16939,2014,723.428571428571,16338.8571428571
"9","2022-01-10","England","E92000001",2180,707,17120,2010.28571428571,739.285714285714,16068.1428571429
"10","2022-01-09","England","E92000001",1975,704,16399,2015.85714285714,749.285714285714,15652.4285714286
"11","2022-01-08","England","E92000001",1862,708,16034,2002.42857142857,758.571428571429,15188.4285714286
"12","2022-01-07","England","E92000001",1772,728,16163,1996.28571428571,766.714285714286,14700
"13","2022-01-06","England","E92000001",2043,762,16058,1997.57142857143,775.428571428571,14161.7142857143
"14","2022-01-05","England","E92000001",2139,769,15659,2007.71428571429,778.285714285714,13503.7142857143
"15","2022-01-04","England","E92000001",2101,797,15044,2040.71428571429,778.571428571429,12761.2857142857
"16","2022-01-03","England","E92000001",2219,777,14210,2038,773,11975.8571428571
"17","2022-01-02","England","E92000001",1881,769,13151,1971.14285714286,772.857142857143,11156.4285714286
"18","2022-01-01","England","E92000001",1819,765,12615,1898.71428571429,771.285714285714,10354.2857142857
"19","2021-12-31","England","E92000001",1781,789,12395,1821.85714285714,768.428571428571,9575.85714285714
"20","2021-12-30","England","E92000001",2114,782,11452,1713.14285714286,761.714285714286,8857.42857142857
"21","2021-12-29","England","E92000001",2370,771,10462,1590,756.714285714286,8237.71428571429
"22","2021-12-28","England","E92000001",2082,758,9546,1429.42857142857,753,7754.57142857143
"23","2021-12-27","England","E92000001",1751,776,8474,1288.85714285714,752.857142857143,7376.85714285714
"24","2021-12-26","England","E92000001",1374,758,7536,1190.28571428571,751.714285714286,7121.71428571429
"25","2021-12-25","England","E92000001",1281,745,7166,1126.28571428571,753,6964.28571428571
"26","2021-12-24","England","E92000001",1020,742,7366,1048.28571428571,756.142857142857,6838.71428571429
"27","2021-12-23","England","E92000001",1252,747,7114,1008.71428571429,762.857142857143,6689.42857142857
"28","2021-12-22","England","E92000001",1246,745,7080,940.857142857143,768,6588.14285714286
"29","2021-12-21","England","E92000001",1098,757,6902,877.857142857143,773.857142857143,6485
"30","2021-12-20","England","E92000001",1061,768,6688,837.428571428571,779.285714285714,6418.14285714286
"31","2021-12-19","England","E92000001",926,767,6434,799.285714285714,783.142857142857,6376.28571428571
"32","2021-12-18","England","E92000001",735,767,6287,777.285714285714,786.142857142857,6346.14285714286
"33","2021-12-17","England","E92000001",743,789,6321,771.714285714286,788.714285714286,6318.71428571429
"34","2021-12-16","England","E92000001",777,783,6405,766.571428571429,789.285714285714,6285.42857142857
"35","2021-12-15","England","E92000001",805,786,6358,769.714285714286,790.571428571429,6246.14285714286
"36","2021-12-14","England","E92000001",815,795,6434,762.428571428571,789.428571428571,6202.57142857143
"37","2021-12-13","England","E92000001",794,795,6395,760.142857142857,787.142857142857,6144.42857142857
"38","2021-12-12","England","E92000001",772,788,6223,751.857142857143,786.857142857143,6086.85714285714
"39","2021-12-11","England","E92000001",696,785,6095,745.571428571429,784.285714285714,6041.14285714286
"40","2021-12-10","England","E92000001",707,793,6088,736.857142857143,782.857142857143,5996.71428571429
"41","2021-12-09","England","E92000001",799,792,6130,725,781.428571428571,5962.85714285714
"42","2021-12-08","England","E92000001",754,778,6053,713.571428571429,778.857142857143,5932.14285714286
"43","2021-12-07","England","E92000001",799,779,6027,705.571428571429,778.142857142857,5900.14285714286
"44","2021-12-06","England","E92000001",736,793,5992,691.285714285714,782,5913.85714285714
"45","2021-12-05","England","E92000001",728,770,5903,681.714285714286,782,5928.42857142857
"46","2021-12-04","England","E92000001",635,775,5784,664.428571428571,785.285714285714,5926.57142857143
"47","2021-12-03","England","E92000001",624,783,5851,660.714285714286,787,5936.28571428571
"48","2021-12-02","England","E92000001",719,774,5915,660.142857142857,788.857142857143,5956.42857142857
"49","2021-12-01","England","E92000001",698,773,5829,650.285714285714,791.142857142857,5978.28571428571
"50","2021-11-30","England","E92000001",699,806,6123,658,792.571428571429,6011.57142857143
"51","2021-11-29","England","E92000001",669,793,6094,652.285714285714,788.857142857143,6030.71428571429
"52","2021-11-28","England","E92000001",607,793,5890,642.714285714286,787.714285714286,6077.85714285714
"53","2021-11-27","England","E92000001",609,787,5852,648.571428571429,785.285714285714,6139.57142857143
"54","2021-11-26","England","E92000001",620,796,5992,648.857142857143,782,6188
"55","2021-11-25","England","E92000001",650,790,6068,651.285714285714,778.142857142857,6233.42857142857
"56","2021-11-24","England","E92000001",752,783,6062,658,776.571428571429,6271.71428571429
"57","2021-11-23","England","E92000001",659,780,6257,654.428571428571,777.857142857143,6321.71428571429
"58","2021-11-22","England","E92000001",602,785,6424,662.142857142857,780.142857142857,6374
"59","2021-11-21","England","E92000001",648,776,6322,675.428571428571,785.285714285714,6436.85714285714
"60","2021-11-20","England","E92000001",611,764,6191,679.714285714286,794.571428571429,6491.85714285714
"61","2021-11-19","England","E92000001",637,769,6310,686,804,6555.85714285714
"62","2021-11-18","England","E92000001",697,779,6336,699.142857142857,813.857142857143,6622.57142857143
"63","2021-11-17","England","E92000001",727,792,6412,713.428571428571,822.857142857143,6697.57142857143
"64","2021-11-16","England","E92000001",713,796,6623,726.857142857143,830.571428571429,6776
"65","2021-11-15","England","E92000001",695,821,6864,740.428571428571,840.428571428571,6837.42857142857
"66","2021-11-14","England","E92000001",678,841,6707,762.571428571429,847.285714285714,6867.57142857143
"67","2021-11-13","England","E92000001",655,830,6639,771.285714285714,848,6896.57142857143
"68","2021-11-12","England","E92000001",729,838,6777,776,851.714285714286,6930.14285714286
"69","2021-11-11","England","E92000001",797,842,6861,769.857142857143,854.857142857143,6972.28571428571
"70","2021-11-10","England","E92000001",821,846,6961,758.428571428571,858.428571428571,7020.85714285714
"71","2021-11-09","England","E92000001",808,865,7053,756.428571428571,859.571428571429,7068
"72","2021-11-08","England","E92000001",850,869,7075,768.285714285714,858.714285714286,7133.28571428571
"73","2021-11-07","England","E92000001",739,846,6910,775.285714285714,857.285714285714,7199
"74","2021-11-06","England","E92000001",688,856,6874,792.571428571429,852.857142857143,7256.28571428571
"75","2021-11-05","England","E92000001",686,860,7072,800.142857142857,846.571428571429,7296.42857142857
"76","2021-11-04","England","E92000001",717,867,7201,822.142857142857,839.285714285714,7302.28571428571
"77","2021-11-03","England","E92000001",807,854,7291,846.571428571429,828.857142857143,7276.28571428571
"78","2021-11-02","England","E92000001",891,859,7510,867.714285714286,821,7227.71428571429
"79","2021-11-01","England","E92000001",899,859,7535,870.571428571429,813,7138.14285714286
"80","2021-10-31","England","E92000001",860,815,7311,865.714285714286,801.142857142857,7033.28571428571
"81","2021-10-30","England","E92000001",741,812,7155,861.285714285714,791.142857142857,6919.57142857143
"82","2021-10-29","England","E92000001",840,809,7113,863.428571428571,779.142857142857,6809.71428571429
"83","2021-10-28","England","E92000001",888,794,7019,852,770.142857142857,6708.57142857143
"84","2021-10-27","England","E92000001",955,799,6951,839.285714285714,763.857142857143,6615.28571428571
"85","2021-10-26","England","E92000001",911,803,6883,831.857142857143,756.285714285714,6522.14285714286
"86","2021-10-25","England","E92000001",865,776,6801,829.428571428571,746.285714285714,6410.14285714286
"87","2021-10-24","England","E92000001",829,745,6515,833.857142857143,735.857142857143,6286.85714285714
"88","2021-10-23","England","E92000001",756,728,6386,833.714285714286,728.714285714286,6159.42857142857
"89","2021-10-22","England","E92000001",760,746,6405,831.857142857143,722,6016.42857142857
"90","2021-10-21","England","E92000001",799,750,6366,830.714285714286,711.571428571429,5867.57142857143
"91","2021-10-20","England","E92000001",903,746,6299,820.857142857143,698,5713.71428571429
"92","2021-10-19","England","E92000001",894,733,6099,799.285714285714,685.285714285714,5563.28571428571
"93","2021-10-18","England","E92000001",896,703,5938,780.142857142857,674.428571428571,5436.71428571429
"94","2021-10-17","England","E92000001",828,695,5623,750,662.714285714286,5332.14285714286
"95","2021-10-16","England","E92000001",743,681,5385,718.285714285714,652.285714285714,5254.14285714286
"96","2021-10-15","England","E92000001",752,673,5363,699.714285714286,646.285714285714,5187.85714285714
"97","2021-10-14","England","E92000001",730,655,5289,680.714285714286,642.571428571429,5132.42857142857
"98","2021-10-13","England","E92000001",752,657,5246,667,644,5085.71428571429
"99","2021-10-12","England","E92000001",760,657,5213,649.857142857143,644.857142857143,5051.85714285714
"100","2021-10-11","England","E92000001",685,621,5206,635.285714285714,645.428571428571,5022.28571428571
"101","2021-10-10","England","E92000001",606,622,5077,627,647,4979.85714285714
"102","2021-10-09","England","E92000001",613,639,4921,622.857142857143,649.428571428571,4937.14285714286
"103","2021-10-08","England","E92000001",619,647,4975,613.714285714286,648.142857142857,4898.71428571429
"104","2021-10-07","England","E92000001",634,665,4962,599.571428571429,651.571428571429,4873.57142857143
"105","2021-10-06","England","E92000001",632,663,5009,587.857142857143,652.571428571429,4867
"106","2021-10-05","England","E92000001",658,661,5006,586.857142857143,653.714285714286,4868.14285714286
"107","2021-10-04","England","E92000001",627,632,4909,578,656.571428571429,4885.28571428571
"108","2021-10-03","England","E92000001",577,639,4778,576.571428571429,664.142857142857,4915.57142857143
"109","2021-10-02","England","E92000001",549,630,4652,570.571428571429,671.285714285714,4940
"110","2021-10-01","England","E92000001",520,671,4799,566.428571428571,684.571428571429,5004
"111","2021-09-30","England","E92000001",552,672,4916,571.714285714286,693,5037.85714285714
"112","2021-09-29","England","E92000001",625,671,5017,575.285714285714,705.142857142857,5080.42857142857
"113","2021-09-28","England","E92000001",596,681,5126,567.714285714286,721.142857142857,5136
"114","2021-09-27","England","E92000001",617,685,5121,568.571428571429,734.428571428571,5195.57142857143
"115","2021-09-26","England","E92000001",535,689,4949,567,752.428571428571,5282.14285714286
"116","2021-09-25","England","E92000001",520,723,5100,572.285714285714,771.714285714286,5388.71428571429
"117","2021-09-24","England","E92000001",557,730,5036,578,786.857142857143,5472.71428571429
"118","2021-09-23","England","E92000001",577,757,5214,575.571428571429,803.142857142857,5597.57142857143
"119","2021-09-22","England","E92000001",572,783,5406,589.142857142857,816.285714285714,5721.42857142857
"120","2021-09-21","England","E92000001",602,774,5543,606.142857142857,834.428571428571,5850
"121","2021-09-20","England","E92000001",606,811,5727,620.285714285714,850.714285714286,5964.42857142857
"122","2021-09-19","England","E92000001",572,824,5695,632,861.428571428571,6064
"123","2021-09-18","England","E92000001",560,829,5688,644.285714285714,870,6143.71428571429
"124","2021-09-17","England","E92000001",540,844,5910,657,875.142857142857,6217.71428571429
"125","2021-09-16","England","E92000001",672,849,6081,677,882.857142857143,6287.71428571429
"126","2021-09-15","England","E92000001",691,910,6306,693.857142857143,888.285714285714,6312.42857142857
"127","2021-09-14","England","E92000001",701,888,6344,723.714285714286,886.285714285714,6311.85714285714
"128","2021-09-13","England","E92000001",688,886,6424,738,885.857142857143,6297.57142857143
"129","2021-09-12","England","E92000001",658,884,6253,758.428571428571,889.142857142857,6290.57142857143
"130","2021-09-11","England","E92000001",649,865,6206,763.142857142857,888.285714285714,6278.28571428571
"131","2021-09-10","England","E92000001",680,898,6400,777.857142857143,890.428571428571,6255
"132","2021-09-09","England","E92000001",790,887,6254,779,889.142857142857,6225.71428571429
"133","2021-09-08","England","E92000001",900,896,6302,778.714285714286,890.571428571429,6216
"134","2021-09-07","England","E92000001",801,885,6244,769.428571428571,889.714285714286,6206.57142857143
"135","2021-09-06","England","E92000001",831,909,6375,769,888.857142857143,6213.57142857143
"136","2021-09-05","England","E92000001",691,878,6167,765.714285714286,881.714285714286,6160.28571428571
"137","2021-09-04","England","E92000001",752,880,6043,767.142857142857,877.714285714286,6115.71428571429
"138","2021-09-03","England","E92000001",688,889,6195,758,871.285714285714,6074.71428571429
"139","2021-09-02","England","E92000001",788,897,6186,766.714285714286,869.142857142857,6031
"140","2021-09-01","England","E92000001",835,890,6236,765.142857142857,865.571428571429,5989.14285714286
"141","2021-08-31","England","E92000001",798,879,6293,766.285714285714,862.857142857143,5944.28571428571
"142","2021-08-30","England","E92000001",808,859,6002,769.142857142857,859.714285714286,5889.71428571429
"143","2021-08-29","England","E92000001",701,850,5855,772.428571428571,857.714285714286,5889.42857142857
"144","2021-08-28","England","E92000001",688,835,5756,776,859.571428571429,5874.28571428571
"145","2021-08-27","England","E92000001",749,874,5889,785.857142857143,862.857142857143,5848.42857142857
"146","2021-08-26","England","E92000001",777,872,5893,783.571428571429,860.428571428571,5803.71428571429
"147","2021-08-25","England","E92000001",843,871,5922,790.285714285714,855.142857142857,5755.28571428571
"148","2021-08-24","England","E92000001",818,857,5911,783.428571428571,846.714285714286,5697
"149","2021-08-23","England","E92000001",831,845,6000,785.428571428571,842.142857142857,5629.28571428571
"150","2021-08-22","England","E92000001",726,863,5749,777.571428571429,838,5547.71428571429
"151","2021-08-21","England","E92000001",757,858,5575,776.571428571429,829,5457.14285714286
"152","2021-08-20","England","E92000001",733,857,5576,766.857142857143,820.285714285714,5371.14285714286
"153","2021-08-19","England","E92000001",824,835,5554,761.285714285714,811.142857142857,5299.71428571429
"154","2021-08-18","England","E92000001",795,812,5514,751.857142857143,803.714285714286,5224.71428571429
"155","2021-08-17","England","E92000001",832,825,5437,745,798.714285714286,5161.71428571429
"156","2021-08-16","England","E92000001",776,816,5429,734.714285714286,792.571428571429,5113
"157","2021-08-15","England","E92000001",719,800,5115,718.857142857143,784.857142857143,5065.71428571429
"158","2021-08-14","England","E92000001",689,797,4973,709.142857142857,779.857142857143,5040.57142857143
"159","2021-08-13","England","E92000001",694,793,5076,700.714285714286,774.571428571429,5018.28571428571
"160","2021-08-12","England","E92000001",758,783,5029,695.428571428571,770.571428571429,4990.14285714286
"161","2021-08-11","England","E92000001",747,777,5073,686.142857142857,768.714285714286,4970.85714285714
"162","2021-08-10","England","E92000001",760,782,5096,686.142857142857,768,4952.42857142857
"163","2021-08-09","England","E92000001",665,762,5098,674.714285714286,767.714285714286,4955.28571428571
"164","2021-08-08","England","E92000001",651,765,4939,677.714285714286,771.857142857143,4985.42857142857
"165","2021-08-07","England","E92000001",630,760,4817,676.857142857143,772.428571428571,5007
"166","2021-08-06","England","E92000001",657,765,4879,671.571428571429,776.571428571429,5041.28571428571
"167","2021-08-05","England","E92000001",693,770,4894,670.571428571429,779.428571428571,5074.42857142857
"168","2021-08-04","England","E92000001",747,772,4944,679.857142857143,778.714285714286,5097.57142857143
"169","2021-08-03","England","E92000001",680,780,5116,677.142857142857,775.285714285714,5131.57142857143
"170","2021-08-02","England","E92000001",686,791,5309,696.571428571429,769.285714285714,5138.28571428571
"171","2021-08-01","England","E92000001",645,769,5090,717.142857142857,758,5102
"172","2021-07-31","England","E92000001",593,789,5057,744.428571428571,744.571428571429,5049.85714285714
"173","2021-07-30","England","E92000001",650,785,5111,764.571428571429,726,4966.85714285714
"174","2021-07-29","England","E92000001",758,765,5056,775.285714285714,703.142857142857,4865.42857142857
"175","2021-07-28","England","E92000001",728,748,5182,785.142857142857,681.285714285714,4747.42857142857
"176","2021-07-27","England","E92000001",816,738,5163,793,655.428571428571,4587.57142857143
"177","2021-07-26","England","E92000001",830,712,5055,791.428571428571,627.714285714286,4406.28571428571
"178","2021-07-25","England","E92000001",836,675,4725,780.285714285714,603.571428571429,4228.85714285714
"179","2021-07-24","England","E92000001",734,659,4476,760.571428571429,580.285714285714,4060.42857142857
"180","2021-07-23","England","E92000001",725,625,4401,744.571428571429,559.571428571429,3912.71428571429
"181","2021-07-22","England","E92000001",827,612,4230,725.714285714286,543.428571428571,3765
"182","2021-07-21","England","E92000001",783,567,4063,701.571428571429,526.428571428571,3623.71428571429
"183","2021-07-20","England","E92000001",805,544,3894,680.571428571429,515.285714285714,3487.57142857143
"184","2021-07-19","England","E92000001",752,543,3813,654.285714285714,504.714285714286,3355.57142857143
"185","2021-07-18","England","E92000001",698,512,3546,634,489,3210.57142857143
"186","2021-07-17","England","E92000001",622,514,3442,606,474.142857142857,3070.28571428571
"187","2021-07-16","England","E92000001",593,512,3367,580.285714285714,457.571428571429,2925.57142857143
"188","2021-07-15","England","E92000001",658,493,3241,560,440.571428571429,2780.57142857143
"189","2021-07-14","England","E92000001",636,489,3110,535.714285714286,423.857142857143,2633.14285714286
"190","2021-07-13","England","E92000001",621,470,2970,510.714285714286,407.857142857143,2495.14285714286
"191","2021-07-12","England","E92000001",610,433,2798,487.428571428571,391.142857142857,2356.28571428571
"192","2021-07-11","England","E92000001",502,408,2564,459.714285714286,376.428571428571,2226.28571428571
"193","2021-07-10","England","E92000001",442,398,2429,443.714285714286,361.714285714286,2109.14285714286
"194","2021-07-09","England","E92000001",451,393,2352,426.714285714286,347.142857142857,1995.85714285714
"195","2021-07-08","England","E92000001",488,376,2209,406.142857142857,333.428571428571,1890
"196","2021-07-07","England","E92000001",461,377,2144,378.571428571429,319.571428571429,1797.28571428571
"197","2021-07-06","England","E92000001",458,353,1998,360,303.428571428571,1705.28571428571
"198","2021-07-05","England","E92000001",416,330,1888,335,290,1626.28571428571
"199","2021-07-04","England","E92000001",390,305,1744,310.428571428571,281.714285714286,1565.85714285714
"200","2021-07-03","England","E92000001",323,296,1636,287,273,1506.85714285714
"201","2021-07-02","England","E92000001",307,297,1611,272.714285714286,264.428571428571,1455.42857142857
"202","2021-07-01","England","E92000001",295,279,1560,258.285714285714,256,1408.71428571429
"203","2021-06-30","England","E92000001",331,264,1500,243.857142857143,250.428571428571,1367.85714285714
"204","2021-06-29","England","E92000001",283,259,1445,227.142857142857,245.142857142857,1332.85714285714
"205","2021-06-28","England","E92000001",244,272,1465,212.714285714286,240.857142857143,1312.28571428571
"206","2021-06-27","England","E92000001",226,244,1331,203.714285714286,232.285714285714,1287.28571428571
"207","2021-06-26","England","E92000001",223,236,1276,195.857142857143,225.428571428571,1264
"208","2021-06-25","England","E92000001",206,238,1284,189.428571428571,220.714285714286,1245
"209","2021-06-24","England","E92000001",194,240,1274,186.428571428571,216.714285714286,1228.71428571429
"210","2021-06-23","England","E92000001",214,227,1255,187.571428571429,210.571428571429,1207
"211","2021-06-22","England","E92000001",182,229,1301,182.285714285714,205.571428571429,1178.71428571429
"212","2021-06-21","England","E92000001",181,212,1290,183.142857142857,199.571428571429,1140
"213","2021-06-20","England","E92000001",171,196,1168,183.714285714286,193.571428571429,1097.57142857143
"214","2021-06-19","England","E92000001",178,203,1143,186,190,1066
"215","2021-06-18","England","E92000001",185,210,1170,180.142857142857,182.714285714286,1033.42857142857
"216","2021-06-17","England","E92000001",202,197,1122,174.285714285714,173.571428571429,992.571428571429
"217","2021-06-16","England","E92000001",177,192,1057,168.571428571429,165.428571428571,961.714285714286
"218","2021-06-15","England","E92000001",188,187,1030,165.857142857143,158.142857142857,935.857142857143
"219","2021-06-14","England","E92000001",185,170,993,160,151.428571428571,914.285714285714
"220","2021-06-13","England","E92000001",187,171,947,152.285714285714,146.142857142857,895.285714285714
"221","2021-06-12","England","E92000001",137,152,915,142.857142857143,140.428571428571,875.285714285714
"222","2021-06-11","England","E92000001",144,146,884,137,136.428571428571,856.285714285714
"223","2021-06-10","England","E92000001",162,140,906,130.142857142857,132.571428571429,845
"224","2021-06-09","England","E92000001",158,141,876,120.285714285714,130.285714285714,826.857142857143
"225","2021-06-08","England","E92000001",147,140,879,112.142857142857,126.714285714286,816.142857142857
"226","2021-06-07","England","E92000001",131,133,860,107.571428571429,124.285714285714,801.428571428571
"227","2021-06-06","England","E92000001",121,131,807,102.857142857143,121,789
"228","2021-06-05","England","E92000001",96,124,782,97,118.714285714286,781.571428571429
"229","2021-06-04","England","E92000001",96,119,805,93.1428571428571,117,776.714285714286
"230","2021-06-03","England","E92000001",93,124,779,92.5714285714286,116.571428571429,767.857142857143
"231","2021-06-02","England","E92000001",101,116,801,91.1428571428571,114.571428571429,762.571428571429
"232","2021-06-01","England","E92000001",115,123,776,90.2857142857143,114.428571428571,754.571428571429
"233","2021-05-31","England","E92000001",98,110,773,86.4285714285714,113.571428571429,753
"234","2021-05-30","England","E92000001",80,115,755,86.4285714285714,114,756.428571428571
"235","2021-05-29","England","E92000001",69,112,748,86,113.428571428571,756.571428571429
"236","2021-05-28","England","E92000001",92,116,743,86.8571428571429,113.571428571429,754
"237","2021-05-27","England","E92000001",83,110,742,85.8571428571429,113.714285714286,757.285714285714
"238","2021-05-26","England","E92000001",95,115,745,88,114.428571428571,758.285714285714
"239","2021-05-25","England","E92000001",88,117,765,87.7142857142857,114.142857142857,760
"240","2021-05-24","England","E92000001",98,113,797,88,113.714285714286,757.714285714286
"241","2021-05-23","England","E92000001",77,111,756,84.5714285714286,114.285714285714,757.857142857143
"242","2021-05-22","England","E92000001",75,113,730,82,115,764.285714285714
"243","2021-05-21","England","E92000001",85,117,766,81.2857142857143,115.285714285714,775.714285714286
"244","2021-05-20","England","E92000001",98,115,749,79.4285714285714,115,783.142857142857
"245","2021-05-19","England","E92000001",93,113,757,76,115.571428571429,796.857142857143
"246","2021-05-18","England","E92000001",90,114,749,76,117,818.285714285714
"247","2021-05-17","England","E92000001",74,117,798,74.4285714285714,118.714285714286,842.857142857143
"248","2021-05-16","England","E92000001",59,116,801,74.7142857142857,121.285714285714,863.714285714286
"249","2021-05-15","England","E92000001",70,115,810,77.1428571428571,123.428571428571,882.571428571429
"250","2021-05-14","England","E92000001",72,115,818,78.5714285714286,126.285714285714,902.285714285714
"251","2021-05-13","England","E92000001",74,119,845,79.2857142857143,130.571428571429,924.428571428571
"252","2021-05-12","England","E92000001",93,123,907,81.2857142857143,134.142857142857,943.142857142857
"253","2021-05-11","England","E92000001",79,126,921,81.7142857142857,139.571428571429,961
"254","2021-05-10","England","E92000001",76,135,944,81.2857142857143,144.714285714286,985.571428571429
"255","2021-05-09","England","E92000001",76,131,933,84.4285714285714,149.428571428571,1007.28571428571
"256","2021-05-08","England","E92000001",80,135,948,86.7142857142857,155.285714285714,1028.57142857143
"257","2021-05-07","England","E92000001",77,145,973,85,159.857142857143,1046.14285714286
"258","2021-05-06","England","E92000001",88,144,976,85.7142857142857,163.428571428571,1073
"259","2021-05-05","England","E92000001",96,161,1032,84.5714285714286,168.285714285714,1110
"260","2021-05-04","England","E92000001",76,162,1093,83.5714285714286,172.142857142857,1145.14285714286
"261","2021-05-03","England","E92000001",98,168,1096,91,177,1176.14285714286
"262","2021-05-02","England","E92000001",92,172,1082,92.4285714285714,182.714285714286,1218.57142857143
"263","2021-05-01","England","E92000001",68,167,1071,94.5714285714286,188.285714285714,1260.71428571429
"264","2021-04-30","England","E92000001",82,170,1161,99,195.857142857143,1307.85714285714
"265","2021-04-29","England","E92000001",80,178,1235,105,203.142857142857,1353.14285714286
"266","2021-04-28","England","E92000001",89,188,1278,106.714285714286,211.571428571429,1394.28571428571
"267","2021-04-27","England","E92000001",128,196,1310,112,220.285714285714,1441.57142857143
"268","2021-04-26","England","E92000001",108,208,1393,107.714285714286,231.285714285714,1490
"269","2021-04-25","England","E92000001",107,211,1377,112,243.142857142857,1538.42857142857
"270","2021-04-24","England","E92000001",99,220,1401,112.714285714286,253.428571428571,1583.28571428571
"271","2021-04-23","England","E92000001",124,221,1478,117.857142857143,263.714285714286,1631
"272","2021-04-22","England","E92000001",92,237,1523,117,274.714285714286,1683.28571428571
"273","2021-04-21","England","E92000001",126,249,1609,122,282.857142857143,1735
"274","2021-04-20","England","E92000001",98,273,1649,126.285714285714,292.285714285714,1786.85714285714
"275","2021-04-19","England","E92000001",138,291,1732,134.142857142857,300.857142857143,1845.14285714286
"276","2021-04-18","England","E92000001",112,283,1691,139.142857142857,307.428571428571,1898.85714285714
"277","2021-04-17","England","E92000001",135,292,1735,148.142857142857,316,1956.71428571429
"278","2021-04-16","England","E92000001",118,298,1844,150.428571428571,323.142857142857,2021.71428571429
"279","2021-04-15","England","E92000001",127,294,1885,157.428571428571,332.285714285714,2089.85714285714
"280","2021-04-14","England","E92000001",156,315,1972,163.142857142857,344.142857142857,2160.85714285714
"281","2021-04-13","England","E92000001",153,333,2057,167.857142857143,355.285714285714,2234.28571428571
"282","2021-04-12","England","E92000001",173,337,2108,172.142857142857,365.714285714286,2310.14285714286
"283","2021-04-11","England","E92000001",175,343,2096,174.285714285714,377,2391.85714285714
"284","2021-04-10","England","E92000001",151,342,2190,171.571428571429,388.285714285714,2474.14285714286
"285","2021-04-09","England","E92000001",167,362,2321,175.571428571429,401.285714285714,2543.71428571429
"286","2021-04-08","England","E92000001",167,377,2382,177.142857142857,411.857142857143,2609.85714285714
"287","2021-04-07","England","E92000001",189,393,2486,179,425.142857142857,2687.85714285714
"288","2021-04-06","England","E92000001",183,406,2588,184.142857142857,440.571428571429,2773.28571428571
"289","2021-04-05","England","E92000001",188,416,2680,189,456.571428571429,2872.57142857143
"290","2021-04-04","England","E92000001",156,422,2672,191.571428571429,473.142857142857,2984.85714285714
"291","2021-04-03","England","E92000001",179,433,2677,200.857142857143,488.857142857143,3094.28571428571
"292","2021-04-02","England","E92000001",178,436,2784,206.285714285714,503.714285714286,3237
"293","2021-04-01","England","E92000001",180,470,2928,215.857142857143,521.285714285714,3369.57142857143
"294","2021-03-31","England","E92000001",225,501,3084,231.285714285714,535,3488.85714285714
"295","2021-03-30","England","E92000001",217,518,3283,238.714285714286,551,3620.42857142857
"296","2021-03-29","England","E92000001",206,532,3466,249.857142857143,569.428571428571,3757.85714285714
"297","2021-03-28","England","E92000001",221,532,3438,262.428571428571,590,3905.71428571429
"298","2021-03-27","England","E92000001",217,537,3676,270.714285714286,612.857142857143,4056.28571428571
"299","2021-03-26","England","E92000001",245,559,3712,280.714285714286,637.571428571429,4186.71428571429
"300","2021-03-25","England","E92000001",288,566,3763,286.142857142857,664.714285714286,4348
"301","2021-03-24","England","E92000001",277,613,4005,295.142857142857,697.714285714286,4536.57142857143
"302","2021-03-23","England","E92000001",295,647,4245,304.571428571429,731,4735.42857142857
"303","2021-03-22","England","E92000001",294,676,4501,314.428571428571,764.571428571429,4938.14285714286
"304","2021-03-21","England","E92000001",279,692,4492,334,800.857142857143,5148.85714285714
"305","2021-03-20","England","E92000001",287,710,4589,345.142857142857,839.571428571429,5369.85714285714
"306","2021-03-19","England","E92000001",283,749,4841,359.142857142857,881,5581.71428571429
"307","2021-03-18","England","E92000001",351,797,5083,373.857142857143,920.142857142857,5803.14285714286
"308","2021-03-17","England","E92000001",343,846,5397,387.857142857143,963.571428571429,6032.28571428571
"309","2021-03-16","England","E92000001",364,882,5664,409.428571428571,1005.14285714286,6257.71428571429
"310","2021-03-15","England","E92000001",431,930,5976,426.428571428571,1048.71428571429,6513
"311","2021-03-14","England","E92000001",357,963,6039,436.428571428571,1092.42857142857,6780.28571428571
"312","2021-03-13","England","E92000001",385,1000,6072,451.285714285714,1136.71428571429,7033.57142857143
"313","2021-03-12","England","E92000001",386,1023,6391,471.714285714286,1183.28571428571,7312
"314","2021-03-11","England","E92000001",449,1101,6687,486.142857142857,1239.57142857143,7626.71428571429
"315","2021-03-10","England","E92000001",494,1137,6975,507.142857142857,1290,7970.28571428571
"316","2021-03-09","England","E92000001",483,1187,7451,523.285714285714,1342.85714285714,8344.42857142857
"317","2021-03-08","England","E92000001",501,1236,7847,551.857142857143,1395.57142857143,8725.85714285714
"318","2021-03-07","England","E92000001",461,1273,7812,580.857142857143,1455.85714285714,9142.71428571429
"319","2021-03-06","England","E92000001",528,1326,8021,609.571428571429,1506.85714285714,9550
"320","2021-03-05","England","E92000001",487,1417,8594,623.285714285714,1567,9988.42857142857
"321","2021-03-04","England","E92000001",596,1454,9092,656.285714285714,1622.85714285714,10443.7142857143
"322","2021-03-03","England","E92000001",607,1507,9594,690,1681.71428571429,10923.2857142857
"323","2021-03-02","England","E92000001",683,1556,10121,728.142857142857,1742.28571428571,11410.8571428571
"324","2021-03-01","England","E92000001",704,1658,10765,770,1799.42857142857,11895.1428571429
"325","2021-02-28","England","E92000001",662,1630,10663,809.428571428571,1858.57142857143,12376.8571428571
"326","2021-02-27","England","E92000001",624,1747,11090,859,1928.85714285714,12873.8571428571
"327","2021-02-26","England","E92000001",718,1808,11781,899,1985.28571428571,13334.7142857143
"328","2021-02-25","England","E92000001",832,1866,12449,949,2048.57142857143,13797.1428571429
"329","2021-02-24","England","E92000001",874,1931,13007,994.285714285714,2112.85714285714,14252
"330","2021-02-23","England","E92000001",976,1956,13511,1045.57142857143,2178.85714285714,14745
"331","2021-02-22","England","E92000001",980,2072,14137,1093.42857142857,2254.28571428571,15256.7142857143
"332","2021-02-21","England","E92000001",1009,2122,14142,1142.28571428571,2326.42857142857,15770
"333","2021-02-20","England","E92000001",904,2142,14316,1193,2396.28571428571,16290.7142857143
"334","2021-02-19","England","E92000001",1068,2251,15018,1241,2460.57142857143,16773.2857142857
"335","2021-02-18","England","E92000001",1149,2316,15633,1276.71428571429,2523,17343.4285714286
"336","2021-02-17","England","E92000001",1233,2393,16458,1318.28571428571,2589.28571428571,17964.8571428571
"337","2021-02-16","England","E92000001",1311,2484,17093,1361.42857142857,2657.71428571429,18603.1428571429
"338","2021-02-15","England","E92000001",1322,2577,17730,1392.85714285714,2718.71428571429,19313.7142857143
"339","2021-02-14","England","E92000001",1364,2611,17787,1452.42857142857,2776.28571428571,20069.4285714286
"340","2021-02-13","England","E92000001",1240,2592,17694,1496.85714285714,2838.57142857143,20812.8571428571
"341","2021-02-12","England","E92000001",1318,2688,19009,1559.57142857143,2911,21576.8571428571
"342","2021-02-11","England","E92000001",1440,2780,19983,1622.28571428571,2986.57142857143,22347.2857142857
"343","2021-02-10","England","E92000001",1535,2872,20926,1689,3057.28571428571,23111.7142857143
"344","2021-02-09","England","E92000001",1531,2911,22067,1769.14285714286,3122.42857142857,23890
"345","2021-02-08","England","E92000001",1739,2980,23020,1867.85714285714,3181.42857142857,24651.4285714286
"346","2021-02-07","England","E92000001",1675,3047,22991,1954.71428571429,3243.42857142857,25439.8571428571
"347","2021-02-06","England","E92000001",1679,3099,23042,2027.28571428571,3289,26171.4285714286
"348","2021-02-05","England","E92000001",1757,3217,24402,2100.71428571429,3344.28571428571,26961.2857142857
"349","2021-02-04","England","E92000001",1907,3275,25334,2189.57142857143,3385.57142857143,27669.4285714286
"350","2021-02-03","England","E92000001",2096,3328,26374,2305.57142857143,3429.85714285714,28383.5714285714
"351","2021-02-02","England","E92000001",2222,3324,27397,2397.85714285714,3469,29022.4285714286
"352","2021-02-01","England","E92000001",2347,3414,28539,2480.28571428571,3513.28571428571,29728.1428571429
"353","2021-01-31","England","E92000001",2183,3366,28112,2523.28571428571,3553.28571428571,30356.5714285714
"354","2021-01-30","England","E92000001",2193,3486,28571,2614.85714285714,3606.14285714286,31041.5714285714
"355","2021-01-29","England","E92000001",2379,3506,29359,2698.71428571429,3641.14285714286,31619.1428571429
"356","2021-01-28","England","E92000001",2719,3585,30333,2789.71428571429,3672.71428571429,32198.1428571429
"357","2021-01-27","England","E92000001",2742,3602,30846,2863.71428571429,3675.85714285714,32612.7142857143
"358","2021-01-26","England","E92000001",2799,3634,32337,2997.57142857143,3676,33047
"359","2021-01-25","England","E92000001",2648,3694,32938,3136,3671.57142857143,33286.7142857143
"360","2021-01-24","England","E92000001",2824,3736,32907,3287.85714285714,3653.85714285714,33486.4285714286
"361","2021-01-23","England","E92000001",2780,3731,32614,3373.57142857143,3624.85714285714,33550
"362","2021-01-22","England","E92000001",3016,3727,33412,3486.28571428571,3595.42857142857,33594.1428571429
"363","2021-01-21","England","E92000001",3237,3607,33235,3526.14285714286,3557.85714285714,33587
"364","2021-01-20","England","E92000001",3679,3603,33886,3589.14285714286,3521.28571428571,33542.7142857143
"365","2021-01-19","England","E92000001",3768,3603,34015,3612.14285714286,3479,33371.7142857143
"366","2021-01-18","England","E92000001",3711,3570,34336,3664.42857142857,3417.85714285714,33112.7142857143
"367","2021-01-17","England","E92000001",3424,3533,33352,3690.57142857143,3344.28571428571,32789
"368","2021-01-16","England","E92000001",3569,3525,32923,3711.57142857143,3262.85714285714,32418.4285714286
"369","2021-01-15","England","E92000001",3295,3464,33362,3732.85714285714,3167.85714285714,31924
"370","2021-01-14","England","E92000001",3678,3351,32925,3769.14285714286,3075,31350.2857142857
"371","2021-01-13","England","E92000001",3840,3307,32689,3793.57142857143,2975.42857142857,30681.8571428571
"372","2021-01-12","England","E92000001",4134,3175,32202,3811.71428571429,2867.28571428571,29973
"373","2021-01-11","England","E92000001",3894,3055,32070,3749.28571428571,2753.42857142857,29153.7142857143
"374","2021-01-10","England","E92000001",3571,2963,30758,3705.42857142857,2647,28376
"375","2021-01-09","England","E92000001",3718,2860,29462,3674,2535.28571428571,27547.2857142857
"376","2021-01-08","England","E92000001",3549,2814,29346,3592.14285714286,2414.85714285714,26703.7142857143
"377","2021-01-07","England","E92000001",3849,2654,28246,3515.14285714286,2290,25730.5714285714
"378","2021-01-06","England","E92000001",3967,2550,27727,3327.57142857143,2182.14285714286,24942.2857142857
"379","2021-01-05","England","E92000001",3697,2378,26467,3169.57142857143,2082.71428571429,24226
"380","2021-01-04","England","E92000001",3587,2310,26626,3053.71428571429,1989.85714285714,23557.4285714286
"381","2021-01-03","England","E92000001",3351,2181,24957,2940.57142857143,1894.28571428571,22671.7142857143
"382","2021-01-02","England","E92000001",3145,2017,23557,2829.28571428571,1805,21860.2857142857
"383","2021-01-01","England","E92000001",3010,1940,22534,2708.28571428571,1730.85714285714,21116.4285714286
"384","2020-12-31","England","E92000001",2536,1899,22728,2557.14285714286,1659,20426
"385","2020-12-30","England","E92000001",2861,1854,22713,2451.28571428571,1591.57142857143,19783
"386","2020-12-29","England","E92000001",2886,1728,21787,2325.42857142857,1523,19086
"387","2020-12-28","England","E92000001",2795,1641,20426,2227.85714285714,1467.42857142857,18554
"388","2020-12-27","England","E92000001",2572,1556,19277,2130.71428571429,1422.57142857143,18165.8571428571
"389","2020-12-26","England","E92000001",2298,1498,18350,2045.57142857143,1381.28571428571,17788.1428571429
"390","2020-12-25","England","E92000001",1952,1437,17701,1976.14285714286,1344.28571428571,17478.5714285714
"391","2020-12-24","England","E92000001",1795,1427,18227,1936.14285714286,1309,17216.4285714286
"392","2020-12-23","England","E92000001",1980,1374,17834,1947.28571428571,1274.85714285714,16861.2857142857
"393","2020-12-22","England","E92000001",2203,1339,18063,1921,1244.71428571429,16522.8571428571
"394","2020-12-21","England","E92000001",2115,1327,17709,1853.42857142857,1219,16089.7142857143
"395","2020-12-20","England","E92000001",1976,1267,16633,1800.71428571429,1190.42857142857,15710.2857142857
"396","2020-12-19","England","E92000001",1812,1239,16183,1744.28571428571,1169.85714285714,15399.8571428571
"397","2020-12-18","England","E92000001",1672,1190,15866,1712.14285714286,1148.14285714286,15077.5714285714
"398","2020-12-17","England","E92000001",1873,1188,15741,1680.42857142857,1137.71428571429,14796.8571428571
"399","2020-12-16","England","E92000001",1796,1163,15465,1630.57142857143,1126.57142857143,14519
"400","2020-12-15","England","E92000001",1730,1159,15031,1595.42857142857,1116.71428571429,14233.5714285714
"401","2020-12-14","England","E92000001",1746,1127,15053,1566.57142857143,1110.85714285714,14033.2857142857
"402","2020-12-13","England","E92000001",1581,1123,14460,1526.57142857143,1108.28571428571,13828
"403","2020-12-12","England","E92000001",1587,1087,13927,1488,1103.14285714286,13646.4285714286
"404","2020-12-11","England","E92000001",1450,1117,13901,1430.71428571429,1103,13509.4285714286
"405","2020-12-10","England","E92000001",1524,1110,13796,1401.85714285714,1102.42857142857,13378.8571428571
"406","2020-12-09","England","E92000001",1550,1094,13467,1375.14285714286,1100.14285714286,13250.2857142857
"407","2020-12-08","England","E92000001",1528,1118,13629,1334,1108,13213.8571428571
"408","2020-12-07","England","E92000001",1466,1109,13616,1297.28571428571,1117.14285714286,13196.4285714286
"409","2020-12-06","England","E92000001",1311,1087,13189,1261.57142857143,1128,13216.4285714286
"410","2020-12-05","England","E92000001",1186,1086,12968,1247.85714285714,1146.14285714286,13263.8571428571
"411","2020-12-04","England","E92000001",1248,1113,12987,1230.57142857143,1163,13298.1428571429
"412","2020-12-03","England","E92000001",1337,1094,12896,1203,1181.42857142857,13407.7142857143
"413","2020-12-02","England","E92000001",1262,1149,13212,1183.14285714286,1205.71428571429,13552.2857142857
"414","2020-12-01","England","E92000001",1271,1182,13507,1205,1227.28571428571,13699.1428571429
"415","2020-11-30","England","E92000001",1216,1185,13756,1205.85714285714,1245,13841.8571428571
"416","2020-11-29","England","E92000001",1215,1214,13521,1230,1261.28571428571,13978.4285714286
"417","2020-11-28","England","E92000001",1065,1204,13208,1246.85714285714,1267.71428571429,14097.4285714286
"418","2020-11-27","England","E92000001",1055,1242,13754,1274,1274,14227.4285714286
"419","2020-11-26","England","E92000001",1198,1264,13908,1311.28571428571,1273.85714285714,14296.2857142857
"420","2020-11-25","England","E92000001",1415,1300,14240,1352.14285714286,1270.57142857143,14377.8571428571
"421","2020-11-24","England","E92000001",1277,1306,14506,1374.42857142857,1262.28571428571,14413.5714285714
"422","2020-11-23","England","E92000001",1385,1299,14712,1405,1251.14285714286,14400
"423","2020-11-22","England","E92000001",1333,1259,14354,1430,1236.71428571429,14343
"424","2020-11-21","England","E92000001",1255,1248,14118,1449.14285714286,1227.42857142857,14276.1428571429
"425","2020-11-20","England","E92000001",1316,1241,14236,1468.14285714286,1215.14285714286,14173.4285714286
"426","2020-11-19","England","E92000001",1484,1241,14479,1484.85714285714,1203.28571428571,14043.7142857143
"427","2020-11-18","England","E92000001",1571,1242,14490,1510.85714285714,1181.42857142857,13827.7142857143
"428","2020-11-17","England","E92000001",1491,1228,14411,1530.85714285714,1158.42857142857,13576.2857142857
"429","2020-11-16","England","E92000001",1560,1198,14313,1545.28571428571,1127.28571428571,13236.5714285714
"430","2020-11-15","England","E92000001",1467,1194,13886,1544,1105.85714285714,12943.1428571429
"431","2020-11-14","England","E92000001",1388,1162,13399,1547,1080.57142857143,12628
"432","2020-11-13","England","E92000001",1433,1158,13328,1537.14285714286,1057.85714285714,12358.7142857143
"433","2020-11-12","England","E92000001",1666,1088,12967,1501.28571428571,1033,12052
"434","2020-11-11","England","E92000001",1711,1081,12730,1455.57142857143,1018.42857142857,11770.1428571429
"435","2020-11-10","England","E92000001",1592,1010,12033,1408.57142857143,1006.42857142857,11528.2857142857
"436","2020-11-09","England","E92000001",1551,1048,12259,1359.14285714286,998.428571428571,11376.5714285714
"437","2020-11-08","England","E92000001",1488,1017,11680,1327.71428571429,974.857142857143,11110.5714285714
"438","2020-11-07","England","E92000001",1319,1003,11514,1298,944.428571428571,10816.7142857143
"439","2020-11-06","England","E92000001",1182,984,11181,1286.71428571429,917.714285714286,10569.2857142857
"440","2020-11-05","England","E92000001",1346,986,10994,1276.28571428571,891.571428571429,10299.8571428571
"441","2020-11-04","England","E92000001",1382,997,11037,1276.14285714286,865.428571428571,10033.1428571429
"442","2020-11-03","England","E92000001",1246,954,10971,1255.71428571429,835.571428571429,9752.14285714286
"443","2020-11-02","England","E92000001",1331,883,10397,1247.71428571429,805.428571428571,9412.71428571429
"444","2020-11-01","England","E92000001",1280,804,9623,1240.28571428571,776.714285714286,9049.71428571429
"445","2020-10-31","England","E92000001",1240,816,9782,1226.85714285714,756.571428571429,8762.42857142857
"446","2020-10-30","England","E92000001",1109,801,9295,1191.14285714286,730.285714285714,8390.14285714286
"447","2020-10-29","England","E92000001",1345,803,9127,1175.14285714286,701.857142857143,8039.71428571429
"448","2020-10-28","England","E92000001",1239,788,9070,1124,667.714285714286,7642.28571428571
"449","2020-10-27","England","E92000001",1190,743,8595,1089.42857142857,636.857142857143,7242.42857142857
"450","2020-10-26","England","E92000001",1279,682,7856,1051.57142857143,610.714285714286,6882
"451","2020-10-25","England","E92000001",1186,663,7612,991.857142857143,588.857142857143,6566
"452","2020-10-24","England","E92000001",990,632,7176,946.714285714286,566.142857142857,6221.71428571429
"453","2020-10-23","England","E92000001",997,602,6842,917.428571428571,546.571428571429,5915
"454","2020-10-22","England","E92000001",987,564,6345,865.285714285714,529.428571428571,5631
"455","2020-10-21","England","E92000001",997,572,6271,837.428571428571,517.714285714286,5377.28571428571
"456","2020-10-20","England","E92000001",925,560,6072,795.857142857143,502.857142857143,5097.57142857143
"457","2020-10-19","England","E92000001",861,529,5644,772.857142857143,485.857142857143,4816.57142857143
"458","2020-10-18","England","E92000001",870,504,5202,744.714285714286,471.142857142857,4557
"459","2020-10-17","England","E92000001",785,495,5029,710.142857142857,456.428571428571,4328.71428571429
"460","2020-10-16","England","E92000001",632,482,4854,671.571428571429,442.285714285714,4091.57142857143
"461","2020-10-15","England","E92000001",792,482,4569,659,425.857142857143,3860.71428571429
"462","2020-10-14","England","E92000001",706,468,4313,619.142857142857,409.571428571429,3662.14285714286
"463","2020-10-13","England","E92000001",764,441,4105,588.428571428571,396.428571428571,3484
"464","2020-10-12","England","E92000001",664,426,3827,554.142857142857,383.285714285714,3312.28571428571
"465","2020-10-11","England","E92000001",628,401,3604,526.714285714286,369.714285714286,3152
"466","2020-10-10","England","E92000001",515,396,3369,505.285714285714,356.714285714286,2985
"467","2020-10-09","England","E92000001",544,367,3238,486.857142857143,344,2830.85714285714
"468","2020-10-08","England","E92000001",513,368,3179,462.142857142857,336,2679.71428571429
"469","2020-10-07","England","E92000001",491,376,3066,441.428571428571,324.142857142857,2521.14285714286
"470","2020-10-06","England","E92000001",524,349,2903,418.142857142857,310.714285714286,2374
"471","2020-10-05","England","E92000001",472,331,2705,387.571428571429,297.857142857143,2238.42857142857
"472","2020-10-04","England","E92000001",478,310,2435,364.142857142857,285.571428571429,2131.28571428571
"473","2020-10-03","England","E92000001",386,307,2290,330.285714285714,274.571428571429,2039.57142857143
"474","2020-10-02","England","E92000001",371,311,2180,310.142857142857,262.571428571429,1953.71428571429
"475","2020-10-01","England","E92000001",368,285,2069,296.285714285714,250.571428571429,1883.14285714286
"476","2020-09-30","England","E92000001",328,282,2036,284.857142857143,239.714285714286,1808.42857142857
"477","2020-09-29","England","E92000001",310,259,1954,282.857142857143,226.857142857143,1723.14285714286
"478","2020-09-28","England","E92000001",308,245,1955,276.857142857143,215.428571428571,1640.85714285714
"479","2020-09-27","England","E92000001",241,233,1793,272.142857142857,202.428571428571,1547.14285714286
"480","2020-09-26","England","E92000001",245,223,1689,271.571428571429,189.428571428571,1458.71428571429
"481","2020-09-25","England","E92000001",274,227,1686,265.714285714286,175.142857142857,1371.85714285714
"482","2020-09-24","England","E92000001",288,209,1546,255.857142857143,159.142857142857,1276.71428571429
"483","2020-09-23","England","E92000001",314,192,1439,243.142857142857,144.714285714286,1196.42857142857
"484","2020-09-22","England","E92000001",268,179,1378,224.428571428571,132.571428571429,1123.57142857143
"485","2020-09-21","England","E92000001",275,154,1299,213.857142857143,121.428571428571,1054
"486","2020-09-20","England","E92000001",237,142,1174,199.142857142857,112,984.428571428571
"487","2020-09-19","England","E92000001",204,123,1081,187.142857142857,102.285714285714,915.428571428571
"488","2020-09-18","England","E92000001",205,115,1020,178.428571428571,94.7142857142857,855.714285714286
"489","2020-09-17","England","E92000001",199,108,984,168.428571428571,96.7142857142857,798.857142857143
"490","2020-09-16","England","E92000001",183,107,929,160.428571428571,90.1428571428571,740
"491","2020-09-15","England","E92000001",194,101,891,153.714285714286,84,686.857142857143
"492","2020-09-14","England","E92000001",172,88,812,140.142857142857,78.7142857142857,636
"493","2020-09-13","England","E92000001",153,74,691,127.571428571429,75,599.285714285714
"494","2020-09-12","England","E92000001",143,70,663,117.857142857143,71.8571428571429,569.571428571429
"495","2020-09-11","England","E92000001",135,129,622,110.857142857143,69,542.142857142857
"496","2020-09-10","England","E92000001",143,62,572,101.142857142857,58.2857142857143,521
"497","2020-09-09","England","E92000001",136,64,557,90.5714285714286,57.7142857142857,506.142857142857
"498","2020-09-08","England","E92000001",99,64,535,82.4285714285714,57,491
"499","2020-09-07","England","E92000001",84,62,555,76.5714285714286,56.2857142857143,485.428571428571
"500","2020-09-06","England","E92000001",85,52,483,72,55.1428571428571,476.857142857143
"501","2020-09-05","England","E92000001",94,50,471,65.2857142857143,55.1428571428571,476.285714285714
"502","2020-09-04","England","E92000001",67,54,474,59.2857142857143,56,477.285714285714
"503","2020-09-03","England","E92000001",69,58,468,56,55.7142857142857,476.571428571429
"504","2020-09-02","England","E92000001",79,59,451,56,56.2857142857143,480
"505","2020-09-01","England","E92000001",58,59,496,52.1428571428571,55.7142857142857,484.857142857143
"506","2020-08-31","England","E92000001",52,54,495,52.4285714285714,56.1428571428571,485.428571428571
"507","2020-08-30","England","E92000001",38,52,479,50.8571428571429,57.2857142857143,489.285714285714
"508","2020-08-29","England","E92000001",52,56,478,51.7142857142857,59.1428571428571,495.428571428571
"509","2020-08-28","England","E92000001",44,52,469,47.8571428571429,60.5714285714286,512
"510","2020-08-27","England","E92000001",69,62,492,48.5714285714286,62.2857142857143,520.428571428571
"511","2020-08-26","England","E92000001",52,55,485,45.1428571428571,62.5714285714286,528.857142857143
"512","2020-08-25","England","E92000001",60,62,500,46,63.7142857142857,541.142857142857
"513","2020-08-24","England","E92000001",41,62,522,45.4285714285714,64,555
"514","2020-08-23","England","E92000001",44,65,522,46.1428571428571,64.7142857142857,569.857142857143
"515","2020-08-22","England","E92000001",25,66,594,45.4285714285714,65.2857142857143,585.857142857143
"516","2020-08-21","England","E92000001",49,64,528,47.2857142857143,65.5714285714286,591
"517","2020-08-20","England","E92000001",45,64,551,48.1428571428571,65.4285714285714,607.285714285714
"518","2020-08-19","England","E92000001",58,63,571,50.2857142857143,65.4285714285714,621.714285714286
"519","2020-08-18","England","E92000001",56,64,597,49.2857142857143,66.1428571428571,631.857142857143
"520","2020-08-17","England","E92000001",46,67,626,50.2857142857143,66,642.571428571429
"521","2020-08-16","England","E92000001",39,69,634,50.8571428571429,65,655.142857142857
"522","2020-08-15","England","E92000001",38,68,630,52.8571428571429,63.1428571428571,651.857142857143
"523","2020-08-14","England","E92000001",55,63,642,58.5714285714286,61.2857142857143,654.714285714286
"524","2020-08-13","England","E92000001",60,64,652,59.2857142857143,60.4285714285714,664.571428571429
"525","2020-08-12","England","E92000001",51,68,642,58.1428571428571,60,679.428571428571
"526","2020-08-11","England","E92000001",63,63,672,59.4285714285714,59.2857142857143,702.714285714286
"527","2020-08-10","England","E92000001",50,60,714,58.7142857142857,59.5714285714286,722
"528","2020-08-09","England","E92000001",53,56,611,62.1428571428571,60.5714285714286,740.285714285714
"529","2020-08-08","England","E92000001",78,55,650,62.7142857142857,62.8571428571429,774
"530","2020-08-07","England","E92000001",60,57,711,58.7142857142857,65.5714285714286,806.714285714286
"531","2020-08-06","England","E92000001",52,61,756,58,67.5714285714286,829.428571428571
"532","2020-08-05","England","E92000001",60,63,805,61.2857142857143,68.8571428571429,849.714285714286
"533","2020-08-04","England","E92000001",58,65,807,61.7142857142857,70.1428571428571,867.142857142857
"534","2020-08-03","England","E92000001",74,67,842,63.2857142857143,72,886.714285714286
"535","2020-08-02","England","E92000001",57,72,847,64.4285714285714,74.2857142857143,901.428571428571
"536","2020-08-01","England","E92000001",50,74,879,65.4285714285714,75.5714285714286,918.285714285714
"537","2020-07-31","England","E92000001",55,71,870,67.5714285714286,76.7142857142857,932.285714285714
"538","2020-07-30","England","E92000001",75,70,898,73,79.7142857142857,953.428571428571
"539","2020-07-29","England","E92000001",63,72,927,77.8571428571429,84.1428571428571,981.571428571429
"540","2020-07-28","England","E92000001",69,78,944,80.5714285714286,87.7142857142857,1035.57142857143
"541","2020-07-27","England","E92000001",82,83,945,82,91.7142857142857,1070.42857142857
"542","2020-07-26","England","E92000001",64,81,965,82.5714285714286,95.8571428571429,1118
"543","2020-07-25","England","E92000001",65,82,977,83.7142857142857,101.285714285714,1166
"544","2020-07-24","England","E92000001",93,92,1018,81.2857142857143,106.428571428571,1215.14285714286
"545","2020-07-23","England","E92000001",109,101,1095,79.8571428571429,110.714285714286,1262
"546","2020-07-22","England","E92000001",82,97,1305,80.5714285714286,113.142857142857,1298.14285714286
"547","2020-07-21","England","E92000001",79,106,1188,85.4285714285714,118.714285714286,1324.42857142857
"548","2020-07-20","England","E92000001",86,112,1278,91.5714285714286,121.142857142857,1369.85714285714
"549","2020-07-19","England","E92000001",72,119,1301,98.8571428571429,124.857142857143,1417.57142857143
"550","2020-07-18","England","E92000001",48,118,1321,98.8571428571429,127.714285714286,1461.85714285714
"551","2020-07-17","England","E92000001",83,122,1346,105.857142857143,132.571428571429,1507.42857142857
"552","2020-07-16","England","E92000001",114,118,1348,108.857142857143,138.285714285714,1564.57142857143
"553","2020-07-15","England","E92000001",116,136,1489,112,145.285714285714,1629.28571428571
"554","2020-07-14","England","E92000001",122,123,1506,115.571428571429,149.285714285714,1686.28571428571
"555","2020-07-13","England","E92000001",137,138,1612,119.285714285714,157.142857142857,1758.28571428571
"556","2020-07-12","England","E92000001",72,139,1611,121.142857142857,164.285714285714,1827.85714285714
"557","2020-07-11","England","E92000001",97,152,1640,129.571428571429,171.571428571429,1897.71428571429
"558","2020-07-10","England","E92000001",104,162,1746,132.857142857143,176.428571428571,1970.85714285714
"559","2020-07-09","England","E92000001",136,167,1801,138.857142857143,182.142857142857,2049.14285714286
"560","2020-07-08","England","E92000001",141,164,1888,140.714285714286,188.428571428571,2136.14285714286
"561","2020-07-07","England","E92000001",148,178,2010,149.285714285714,196.428571428571,2224.85714285714
"562","2020-07-06","England","E92000001",150,188,2099,155.142857142857,205,2318.42857142857
"563","2020-07-05","England","E92000001",131,190,2100,158.285714285714,210.714285714286,2450.57142857143
"564","2020-07-04","England","E92000001",120,186,2152,161.714285714286,217.285714285714,2553.14285714286
"565","2020-07-03","England","E92000001",146,202,2294,174.428571428571,224,2648.42857142857
"566","2020-07-02","England","E92000001",149,211,2410,189,227.428571428571,2729.14285714286
"567","2020-07-01","England","E92000001",201,220,2509,204.285714285714,231,2822.85714285714
"568","2020-06-30","England","E92000001",189,238,2665,213,237.285714285714,2924.85714285714
"569","2020-06-29","England","E92000001",172,228,3024,225.285714285714,241.285714285714,3013.85714285714
"570","2020-06-28","England","E92000001",155,236,2818,246.142857142857,251,3070
"571","2020-06-27","England","E92000001",209,233,2819,254.714285714286,255.142857142857,3149.28571428571
"572","2020-06-26","England","E92000001",248,226,2859,251.142857142857,264.285714285714,3235.57142857143
"573","2020-06-25","England","E92000001",256,236,3066,251.857142857143,272.428571428571,3337.85714285714
"574","2020-06-24","England","E92000001",262,264,3223,259.857142857143,281.428571428571,3425.71428571429
"575","2020-06-23","England","E92000001",275,266,3288,270.142857142857,286.571428571429,3511.85714285714
"576","2020-06-22","England","E92000001",318,296,3417,281.428571428571,295.285714285714,3604.14285714286
"577","2020-06-21","England","E92000001",215,265,3373,288.142857142857,299.714285714286,3676
"578","2020-06-20","England","E92000001",184,297,3423,301.142857142857,310.857142857143,3761.71428571429
"579","2020-06-19","England","E92000001",253,283,3575,312.714285714286,316.857142857143,3844.14285714286
"580","2020-06-18","England","E92000001",312,299,3681,319.142857142857,324.428571428571,3924.28571428571
"581","2020-06-17","England","E92000001",334,300,3826,321.714285714286,329.428571428571,3995.42857142857
"582","2020-06-16","England","E92000001",354,327,3934,331.428571428571,341.428571428571,4084.14285714286
"583","2020-06-15","England","E92000001",365,327,3920,337.571428571429,355.714285714286,4188.57142857143
"584","2020-06-14","England","E92000001",306,343,3973,335.142857142857,372.285714285714,4318.57142857143
"585","2020-06-13","England","E92000001",265,339,4000,337.571428571429,387.285714285714,4439.57142857143
"586","2020-06-12","England","E92000001",298,336,4136,343.428571428571,406.428571428571,4583
"587","2020-06-11","England","E92000001",330,334,4179,355.142857142857,427.142857142857,4736.85714285714
"588","2020-06-10","England","E92000001",402,384,4447,373.428571428571,450,4911
"589","2020-06-09","England","E92000001",397,427,4665,386.142857142857,469.857142857143,5075.71428571429
"590","2020-06-08","England","E92000001",348,443,4830,408.428571428571,487.857142857143,5241.71428571429
"591","2020-06-07","England","E92000001",323,448,4820,433.285714285714,508,5402.28571428571
"592","2020-06-06","England","E92000001",306,473,5004,450.857142857143,530.571428571429,5561.28571428571
"593","2020-06-05","England","E92000001",380,481,5213,473.714285714286,552.714285714286,5699.57142857143
"594","2020-06-04","England","E92000001",458,494,5398,490.714285714286,574,5847.71428571429
"595","2020-06-03","England","E92000001",491,523,5600,506.714285714286,598.142857142857,6009.14285714286
"596","2020-06-02","England","E92000001",553,553,5827,520.714285714286,622.857142857143,6185.71428571429
"597","2020-06-01","England","E92000001",522,584,5954,524.285714285714,651.857142857143,6396.85714285714
"598","2020-05-31","England","E92000001",446,606,5933,520.857142857143,678.571428571429,6610.28571428571
"599","2020-05-30","England","E92000001",466,628,5972,528.142857142857,704.285714285714,6822
"600","2020-05-29","England","E92000001",499,630,6250,533.571428571429,731,7030
"601","2020-05-28","England","E92000001",570,663,6528,553.428571428571,762.714285714286,7245.85714285714
"602","2020-05-27","England","E92000001",589,696,6836,574.142857142857,795.714285714286,7442.28571428571
"603","2020-05-26","England","E92000001",578,756,7305,594.571428571429,827.857142857143,7625
"604","2020-05-25","England","E92000001",498,771,7448,619.428571428571,859.285714285714,7798.28571428571
"605","2020-05-24","England","E92000001",497,786,7415,653,893.428571428571,7972.57142857143
"606","2020-05-23","England","E92000001",504,815,7428,678.142857142857,933.142857142857,8143.42857142857
"607","2020-05-22","England","E92000001",638,852,7761,702,974,8317
"608","2020-05-21","England","E92000001",715,894,7903,716.285714285714,1023.71428571429,8505.28571428571
"609","2020-05-20","England","E92000001",732,921,8115,723.142857142857,1062,8695
"610","2020-05-19","England","E92000001",752,976,8518,733.428571428571,1101.57142857143,8907.42857142857
"611","2020-05-18","England","E92000001",733,1010,8668,746.571428571429,1140.28571428571,9089.28571428571
"612","2020-05-17","England","E92000001",673,1064,8611,765.571428571429,1184,9295.14285714286
"613","2020-05-16","England","E92000001",671,1101,8643,777.428571428571,1226.57142857143,9478.28571428571
"614","2020-05-15","England","E92000001",738,1200,9079,795.571428571429,1269,9697.28571428571
"615","2020-05-14","England","E92000001",763,1162,9231,796.285714285714,1304.14285714286,9864.42857142857
"616","2020-05-13","England","E92000001",804,1198,9602,829.857142857143,1351.42857142857,10078
"617","2020-05-12","England","E92000001",844,1247,9791,863.571428571429,1410.28571428571,10310.1428571429
"618","2020-05-11","England","E92000001",866,1316,10109,880,1469.57142857143,10590.5714285714
"619","2020-05-10","England","E92000001",756,1362,9893,908.142857142857,1527.85714285714,10863.5714285714
"620","2020-05-09","England","E92000001",798,1398,10176,949.285714285714,1589.71428571429,11181.5714285714
"621","2020-05-08","England","E92000001",743,1446,10249,975.285714285714,1653.42857142857,11487
"622","2020-05-07","England","E92000001",998,1493,10726,1023.57142857143,1726,11826.1428571429
"623","2020-05-06","England","E92000001",1040,1610,11227,1056.28571428571,1797.14285714286,12139.8571428571
"624","2020-05-05","England","E92000001",959,1662,11754,1092.71428571429,1859.28571428571,12425.1428571429
"625","2020-05-04","England","E92000001",1063,1724,12020,1140.85714285714,1920.85714285714,12683.8571428571
"626","2020-05-03","England","E92000001",1044,1795,12119,1181,1988,13003.1428571429
"627","2020-05-02","England","E92000001",980,1844,12314,1204.42857142857,2061.42857142857,13296.7142857143
"628","2020-05-01","England","E92000001",1081,1954,12623,1218.71428571429,2141.57142857143,13566.4285714286
"629","2020-04-30","England","E92000001",1227,1991,12922,1246.71428571429,2207.28571428571,13854.8571428571
"630","2020-04-29","England","E92000001",1295,2045,13224,1255.57142857143,2289,14209.1428571429
"631","2020-04-28","England","E92000001",1296,2093,13565,1257.71428571429,2374.85714285714,14608.2857142857
"632","2020-04-27","England","E92000001",1344,2194,14255,1286.14285714286,2461.71428571429,15030
"633","2020-04-26","England","E92000001",1208,2309,14174,1311.57142857143,2545.42857142857,15372.7142857143
"634","2020-04-25","England","E92000001",1080,2405,14202,1349.71428571429,2618.42857142857,15766.1428571429
"635","2020-04-24","England","E92000001",1277,2414,14642,1397,2684.57142857143,16144.4285714286
"636","2020-04-23","England","E92000001",1289,2563,15402,1453.71428571429,2736.85714285714,16442.4285714286
"637","2020-04-22","England","E92000001",1310,2646,16018,1523.42857142857,2776.14285714286,16782.5714285714
"638","2020-04-21","England","E92000001",1495,2701,16517,1566,2804.85714285714,17056.2857142857
"639","2020-04-20","England","E92000001",1522,2780,16654,1618,2826,17347
"640","2020-04-19","England","E92000001",1475,2820,16928,1673.71428571429,2839.14285714286,17628
"641","2020-04-18","England","E92000001",1411,2868,16850,1718.85714285714,2847.85714285714,17920.2857142857
"642","2020-04-17","England","E92000001",1674,2780,16728,1796.57142857143,2847.42857142857,18170.8571428571
"643","2020-04-16","England","E92000001",1777,2838,17783,1871.14285714286,2853.14285714286,18448.1428571429
"644","2020-04-15","England","E92000001",1608,2847,17934,1951.57142857143,2811.42857142857,18539.5714285714
"645","2020-04-14","England","E92000001",1859,2849,18552,2096,2770.57142857143,18570.7142857143
"646","2020-04-13","England","E92000001",1912,2872,18621,2222.42857142857,2716.71428571429,18465.2857142857
"647","2020-04-12","England","E92000001",1791,2881,18974,2332,2629.85714285714,18255.7142857143
"648","2020-04-11","England","E92000001",1955,2865,18604,2446.42857142857,2517.85714285714,17924.7142857143
"649","2020-04-10","England","E92000001",2196,2820,18669,2537.57142857143,2387.14285714286,17476.8571428571
"650","2020-04-09","England","E92000001",2340,2546,18423,2590.14285714286,2239.71428571429,16757.7142857143
"651","2020-04-08","England","E92000001",2619,2561,18152,2674.71428571429,2089.42857142857,15859.4285714286
"652","2020-04-07","England","E92000001",2744,2472,17814,2743.28571428571,NA,14989
"653","2020-04-06","England","E92000001",2679,2264,17154,2700.85714285714,NA,14037.5714285714
"654","2020-04-05","England","E92000001",2592,2097,16657,2720.57142857143,NA,12994.4285714286
"655","2020-04-04","England","E92000001",2593,1950,15469,2662.57142857143,NA,11818.2857142857
"656","2020-04-03","England","E92000001",2564,1788,13635,2559.71428571429,NA,10646.8571428571
"657","2020-04-02","England","E92000001",2932,1494,12135,2469.28571428571,NA,9622.14285714286
"658","2020-04-01","England","E92000001",3099,NA,12059,2284.57142857143,NA,8635.14285714286
"659","2020-03-31","England","E92000001",2447,NA,11154,2092.57142857143,NA,7541.28571428571
"660","2020-03-30","England","E92000001",2817,NA,9852,1963.57142857143,NA,6461.85714285714
"661","2020-03-29","England","E92000001",2186,NA,8424,1722.28571428571,NA,5509.14285714286
"662","2020-03-28","England","E92000001",1873,NA,7269,1532.71428571429,NA,4687.14285714286
"663","2020-03-27","England","E92000001",1931,NA,6462,1376.14285714286,NA,3956.14285714286
"664","2020-03-26","England","E92000001",1639,NA,5226,1199,NA,3258.71428571429
"665","2020-03-25","England","E92000001",1755,NA,4402,1048.57142857143,NA,NA
"666","2020-03-24","England","E92000001",1544,NA,3598,NA,NA,NA
"667","2020-03-23","England","E92000001",1128,NA,3183,NA,NA,NA
"668","2020-03-22","England","E92000001",859,NA,2670,NA,NA,NA
"669","2020-03-21","England","E92000001",777,NA,2152,NA,NA,NA
"670","2020-03-20","England","E92000001",691,NA,1580,NA,NA,NA
"671","2020-03-19","England","E92000001",586,NA,NA,NA,NA,NA
